is_val_error,reg,stepSize,lastKDays,kout,kin,time_ix,hy_ix,rmse,mae
False,XGBRegressor,2,10,1,-1,9,12,1.7659642879763056,1.464460160997178
False,XGBRegressor,2,10,1,-1,11,12,8.796043274239256,6.729353061620741
False,XGBRegressor,2,10,1,-1,13,12,7.802196039671507,6.752861961485851
False,XGBRegressor,2,10,1,-1,15,12,6.659381626780843,4.896831300523544
False,XGBRegressor,2,10,1,-1,17,12,7.57397726401773,6.290914747450084
