is_val_error,reg,stepSize,lastKDays,kout,kin,time_ix,hy_ix,rmse,mae
False,Lasso,2,10,3,-1,9,7,4.974734018872571,4.013291820253897
False,Lasso,2,10,3,-1,11,7,10.355576091887393,8.887653303241379
False,Lasso,2,10,3,-1,13,7,11.52839982859436,7.594455079388638
