is_val_error,reg,stepSize,lastKDays,kout,kin,time_ix,hy_ix,rmse,mae
False,SVR,2,1,5,-1,0,5,16.969131881753263,11.958232892190011
False,SVR,2,1,5,-1,2,5,25.663005228202138,22.20469214237116
