is_val_error,reg,stepSize,lastKDays,kout,kin,time_ix,hy_ix,rmse,mae
False,SVR,2,10,5,-1,9,5,4.948986432826071,3.605020192380932
False,SVR,2,10,5,-1,11,5,11.166396064607804,8.188032188911688
False,SVR,2,10,5,-1,13,5,15.442218552637225,13.322536788349664
False,SVR,2,10,5,-1,15,5,11.434294322314322,9.150024266792286
False,SVR,2,10,5,-1,17,5,16.349637107891763,15.448395402781864
