is_val_error,reg,stepSize,lastKDays,kout,kin,time_ix,hy_ix,rmse,mae
False,KNeighborsRegressor,2,10,1,-1,9,9,2.5632042818660015,2.0112318840579717
False,KNeighborsRegressor,2,10,1,-1,11,9,13.085565072972782,11.19132319942961
False,KNeighborsRegressor,2,10,1,-1,13,9,6.772718590357419,5.843330699938254
False,KNeighborsRegressor,2,10,1,-1,15,9,6.840580584570811,5.363953980801806
False,KNeighborsRegressor,2,10,1,-1,17,9,16.691071453189,12.822080787569908
