is_val_error,reg,stepSize,lastKDays,kout,kin,time_ix,hy_ix,rmse,mae
False,SVR,2,1,1,-1,0,5,16.08429043008872,14.728416575578299
False,SVR,2,1,1,-1,2,5,12.85400185293867,10.88194899214098
False,SVR,2,1,1,-1,4,5,15.413491637027581,12.480042095472124
False,SVR,2,1,1,-1,6,5,14.03714293058205,11.624374670169894
False,SVR,2,1,1,-1,8,5,5.292679855795446,4.050241675893677
False,SVR,2,1,1,-1,10,5,4.102516242236397,3.7843947600600196
False,SVR,2,1,1,-1,12,5,5.333641615216846,4.426089376685794
False,SVR,2,1,1,-1,14,5,13.910809418856472,13.249933165517348
