is_val_error,reg,stepSize,lastKDays,kout,kin,time_ix,hy_ix,rmse,mae
False,Lasso,2,1,5,-1,0,7,16.80275117861711,11.835764792808481
False,Lasso,2,1,5,-1,2,7,25.018081575404,23.194917613609316
False,Lasso,2,1,5,-1,4,7,9.905401909500165,7.901386195990423
False,Lasso,2,1,5,-1,6,7,12.640475945296847,9.91510197075169
False,Lasso,2,1,5,-1,8,7,5.927135148657604,4.553427723106295
False,Lasso,2,1,5,-1,10,7,7.613187378515532,6.1503866998513415
