is_val_error,reg,stepSize,lastKDays,kout,kin,time_ix,hy_ix,rmse,mae
False,XGBRegressor,2,1,4,-1,0,12,9.337782739735331,7.571391082616245
False,XGBRegressor,2,1,4,-1,2,12,24.200554082146148,20.500410807881376
False,XGBRegressor,2,1,4,-1,4,12,12.664413076856532,10.51170900593633
False,XGBRegressor,2,1,4,-1,6,12,18.305302164529436,14.46877895702015
False,XGBRegressor,2,1,4,-1,8,12,3.255630205325294,3.0402910868326787
False,XGBRegressor,2,1,4,-1,10,12,3.0396416244495006,2.6835462892210296
False,XGBRegressor,2,1,4,-1,12,12,4.380696898084587,3.41684910318126
False,XGBRegressor,2,1,4,-1,14,12,10.30273058407627,8.164659923977325
False,XGBRegressor,2,1,4,-1,16,12,15.637742374277082,12.732725218821892
