is_val_error,reg,stepSize,lastKDays,kout,kin,time_ix,hy_ix,rmse,mae
False,SVR,2,20,2,-1,19,5,25.061216868413897,21.18989939619119
False,SVR,2,20,2,-1,21,5,17.53055961772822,15.169965021131286
