is_val_error,reg,stepSize,lastKDays,kout,kin,time_ix,hy_ix,rmse,mae
False,XGBRegressor,2,20,3,-1,19,12,10.182319289544822,8.71053949991863
False,XGBRegressor,2,20,3,-1,21,12,6.748745393393639,5.6321406894259995
False,XGBRegressor,2,20,3,-1,23,12,6.14664324326931,4.99766328599718
False,XGBRegressor,2,20,3,-1,25,12,6.308385110795534,4.754880269368491
False,XGBRegressor,2,20,3,-1,27,12,6.161150449344777,5.652611623168462
