is_val_error,reg,stepSize,lastKDays,kout,kin,time_ix,hy_ix,rmse,mae
False,SVR,2,1,2,-1,0,5,11.664108523027641,10.962458142302268
False,SVR,2,1,2,-1,2,5,10.501994096720033,9.130301959539688
False,SVR,2,1,2,-1,4,5,3.9891405465602263,3.815358921815344
False,SVR,2,1,2,-1,6,5,8.921018281192003,7.959572395913615
