is_val_error,reg,stepSize,lastKDays,kout,kin,time_ix,hy_ix,rmse,mae
False,KNeighborsRegressor,2,1,1,-1,0,9,11.307467989628586,10.365258338860633
False,KNeighborsRegressor,2,1,1,-1,2,9,12.642085403734454,11.419841432894117
False,KNeighborsRegressor,2,1,1,-1,4,9,12.121422972702792,9.068139963905539
False,KNeighborsRegressor,2,1,1,-1,6,9,11.304309287119917,9.751789597905008
False,KNeighborsRegressor,2,1,1,-1,8,9,3.1555123515843087,2.519924323156834
False,KNeighborsRegressor,2,1,1,-1,10,9,3.01501591399522,2.724668044281394
