is_val_error,reg,stepSize,lastKDays,kout,kin,time_ix,hy_ix,rmse,mae
False,XGBRFRegressor,2,10,0,-1,9,12,2.0227749756152935,1.9256356557210286
False,XGBRFRegressor,2,10,0,-1,11,12,9.611497940238833,8.619096744827361
False,XGBRFRegressor,2,10,0,-1,13,12,7.17583034506731,6.288989588652381
False,XGBRFRegressor,2,10,0,-1,15,12,9.188383269946534,7.814714219835065
False,XGBRFRegressor,2,10,0,-1,17,12,15.738215076110599,13.954146683818168
False,XGBRFRegressor,2,10,0,-1,19,12,11.899711478270035,10.704695807562928
False,XGBRFRegressor,2,10,0,-1,21,12,9.90619431201469,6.876412285698784
False,XGBRFRegressor,2,10,0,-1,23,12,13.178694614324296,8.954047270495481
False,XGBRFRegressor,2,10,0,-1,25,12,8.984393000126676,8.889211803012424
