is_val_error,reg,stepSize,lastKDays,kout,kin,time_ix,hy_ix,rmse,mae
False,Lasso,2,1,2,-1,0,7,12.51561251622005,11.53663574674163
False,Lasso,2,1,2,-1,2,7,8.900629407051467,7.640783134850122
False,Lasso,2,1,2,-1,4,7,5.243861320797045,4.137714197382348
