is_val_error,reg,stepSize,lastKDays,kout,kin,time_ix,hy_ix,rmse,mae
False,SVR,2,1,4,-1,0,5,15.576436994920163,12.20203647878243
False,SVR,2,1,4,-1,2,5,23.008844241204244,17.90344590438352
