is_val_error,reg,stepSize,lastKDays,kout,kin,time_ix,hy_ix,rmse,mae
False,SVR,2,10,4,-1,9,5,4.069859754313681,2.9266248266006882
False,SVR,2,10,4,-1,11,5,6.676547364814638,4.376064384428231
False,SVR,2,10,4,-1,13,5,7.154607723375555,5.774067222247065
False,SVR,2,10,4,-1,15,5,13.10309099536473,12.021938763289084
