is_val_error,reg,stepSize,lastKDays,kout,kin,time_ix,hy_ix,rmse,mae
False,SVR,2,10,3,-1,9,5,24.46732840479339,24.120152254087987
False,SVR,2,10,3,-1,11,5,13.313761237113173,12.05830416936248
False,SVR,2,10,3,-1,13,5,18.11872194466187,13.824507332144767
False,SVR,2,10,3,-1,15,5,11.349451931069714,8.617700877028307
False,SVR,2,10,3,-1,17,5,53.3600376429716,52.86522244984315
False,SVR,2,10,3,-1,19,5,45.16649189685927,44.963319638103
False,SVR,2,10,3,-1,21,5,5.335275849200453,4.713607407047493
