is_val_error,reg,stepSize,lastKDays,kout,kin,time_ix,hy_ix,rmse,mae
False,SVR,2,1,5,-1,0,5,16.969131881753263,11.958232892190011
False,SVR,2,1,5,-1,2,5,25.663005228202138,22.20469214237116
False,SVR,2,1,5,-1,4,5,9.848661032675457,7.2310110868475626
False,SVR,2,1,5,-1,6,5,11.04067550387335,9.08874767568343
False,SVR,2,1,5,-1,8,5,6.039514379676466,4.495130623712865
False,SVR,2,1,5,-1,10,5,5.439185821404557,4.62148380582374
False,SVR,2,1,5,-1,12,5,4.462448966215668,3.462183275837067
False,SVR,2,1,5,-1,14,5,17.442968640401332,13.862596667614385
