is_val_error,reg,stepSize,lastKDays,kout,kin,time_ix,hy_ix,rmse,mae
False,KNeighborsRegressor,2,10,5,-1,9,9,4.549949847741153,3.1809240437075936
False,KNeighborsRegressor,2,10,5,-1,11,9,14.673730811463273,11.979282034185657
False,KNeighborsRegressor,2,10,5,-1,13,9,13.374147013684366,12.576268745380714
False,KNeighborsRegressor,2,10,5,-1,15,9,7.382320237930044,5.789496335984071
False,KNeighborsRegressor,2,10,5,-1,17,9,16.11778999848383,10.66521132268173
False,KNeighborsRegressor,2,10,5,-1,19,9,12.417725819910512,8.546101263460178
False,KNeighborsRegressor,2,10,5,-1,21,9,14.210625930869666,9.791285355587
False,KNeighborsRegressor,2,10,5,-1,23,9,17.953523794119455,13.203810908941378
