is_val_error,reg,stepSize,lastKDays,kout,kin,time_ix,hy_ix,rmse,mae
False,XGBRegressor,2,20,2,-1,19,12,5.069082545893493,3.9610807999320685
False,XGBRegressor,2,20,2,-1,21,12,9.078156195021144,6.968445091742973
False,XGBRegressor,2,20,2,-1,23,12,12.53335174278059,11.855883814862382
