is_val_error,reg,stepSize,lastKDays,kout,kin,time_ix,hy_ix,rmse,mae
False,KNeighborsRegressor,2,1,3,-1,0,9,12.18989418001058,9.820586297760208
False,KNeighborsRegressor,2,1,3,-1,2,9,14.764613427807658,12.10030742204655
False,KNeighborsRegressor,2,1,3,-1,4,9,14.224148345885158,11.7913862707341
False,KNeighborsRegressor,2,1,3,-1,6,9,11.27140030503581,9.779496047430834
False,KNeighborsRegressor,2,1,3,-1,8,9,4.781165074082204,2.871195652173912
False,KNeighborsRegressor,2,1,3,-1,10,9,7.025128675275446,5.050759788774663
False,KNeighborsRegressor,2,1,3,-1,12,9,3.041496726786312,2.308377250768553
