is_val_error,reg,stepSize,lastKDays,kout,kin,time_ix,hy_ix,rmse,mae
False,GPR,2,20,1,-1,19,-1,10.187849821862347,6.992162896524978
False,GPR,2,20,1,-1,21,-1,34.28138288282792,19.014799951885394
False,GPR,2,20,1,-1,23,-1,7.233498148513813,4.39703010341354
