is_val_error,reg,stepSize,lastKDays,kout,kin,time_ix,hy_ix,rmse,mae
False,XGBRFRegressor,2,10,4,-1,9,12,9.715903074209496,9.575167719523112
False,XGBRFRegressor,2,10,4,-1,11,12,9.470322443356304,7.412241617838535
False,XGBRFRegressor,2,10,4,-1,13,12,13.313638251202029,12.274642379195603
