is_val_error,reg,stepSize,lastKDays,kout,kin,time_ix,hy_ix,rmse,mae
False,KNeighborsRegressor,2,10,0,-1,9,9,9.71026122073077,6.673593459961057
False,KNeighborsRegressor,2,10,0,-1,11,9,11.397041796946002,10.224957022660938
False,KNeighborsRegressor,2,10,0,-1,13,9,7.52901330425883,4.916229680622493
False,KNeighborsRegressor,2,10,0,-1,15,9,4.632748995242386,3.872597441947157
False,KNeighborsRegressor,2,10,0,-1,17,9,25.251711636294175,19.953594810328077
False,KNeighborsRegressor,2,10,0,-1,19,9,26.060720090643976,18.95562614215062
False,KNeighborsRegressor,2,10,0,-1,21,9,7.081306306586303,5.79149688870821
False,KNeighborsRegressor,2,10,0,-1,23,9,11.612618828741175,9.127208915368
False,KNeighborsRegressor,2,10,0,-1,25,9,17.71864236850386,12.295561933658432
