is_val_error,reg,stepSize,lastKDays,kout,kin,time_ix,hy_ix,rmse,mae
False,Lasso,2,10,1,-1,9,7,18.27771572437961,17.824424628936065
False,Lasso,2,10,1,-1,11,7,12.35451502201785,10.602994228011399
False,Lasso,2,10,1,-1,13,7,20.933689151037743,19.04465388267723
False,Lasso,2,10,1,-1,15,7,16.32634540780794,14.219835992672921
False,Lasso,2,10,1,-1,17,7,20.730615019852547,19.626888028343306
False,Lasso,2,10,1,-1,19,7,17.63616954266793,12.537390552107821
False,Lasso,2,10,1,-1,21,7,38.31508694453634,37.62680347143198
False,Lasso,2,10,1,-1,23,7,27.476331006205243,26.09073749582482
False,Lasso,2,10,1,-1,25,7,14.684316242808436,14.445206905297827
