is_val_error,reg,stepSize,lastKDays,kout,kin,time_ix,hy_ix,rmse,mae
False,Lasso,2,10,5,-1,9,7,19.752227995391966,18.80700745995712
False,Lasso,2,10,5,-1,11,7,11.691106715296248,10.723963637743468
False,Lasso,2,10,5,-1,13,7,25.32601185963707,19.589431274621596
False,Lasso,2,10,5,-1,15,7,18.082667262095793,16.403912743865742
False,Lasso,2,10,5,-1,17,7,27.40584789986982,25.063108497744718
False,Lasso,2,10,5,-1,19,7,11.872858232793606,9.556830191922685
False,Lasso,2,10,5,-1,21,7,46.06478453686661,44.848171681795655
