is_val_error,reg,stepSize,lastKDays,kout,kin,time_ix,hy_ix,rmse,mae
False,GPR,2,10,4,-1,9,-1,1.9490442538740953,1.5286042756576996
False,GPR,2,10,4,-1,11,-1,3.81957984355039,3.2657652262188877
False,GPR,2,10,4,-1,13,-1,7.641821092346327,6.396561656520951
False,GPR,2,10,4,-1,15,-1,11.495798666185083,8.99600657781086
False,GPR,2,10,4,-1,17,-1,4.691943212142292,3.6302667858432236
False,GPR,2,10,4,-1,19,-1,6.504510660176009,5.847324600467306
False,GPR,2,10,4,-1,21,-1,15.623097287920865,13.206571260348314
False,GPR,2,10,4,-1,23,-1,6.102608855722645,4.558762327968623
False,GPR,2,10,4,-1,25,-1,5.756892735763249,4.685273045222199
