is_val_error,reg,stepSize,lastKDays,kout,kin,time_ix,hy_ix,rmse,mae
False,Lasso,2,1,5,-1,0,7,16.51398681157452,11.535705677164556
False,Lasso,2,1,5,-1,2,7,25.196552363810294,23.405548102427627
False,Lasso,2,1,5,-1,4,7,9.949710962943021,8.065328696163784
