is_val_error,reg,stepSize,lastKDays,kout,kin,time_ix,hy_ix,rmse,mae
False,Lasso,2,20,1,-1,19,7,26.71277941793916,21.206381608200008
False,Lasso,2,20,1,-1,21,7,33.97698535861552,20.37429837235499
