is_val_error,reg,stepSize,lastKDays,kout,kin,time_ix,hy_ix,rmse,mae
False,XGBRegressor,2,20,2,-1,19,12,10.053111405523751,8.46521542314171
False,XGBRegressor,2,20,2,-1,21,12,5.564913362017047,4.864203148383598
False,XGBRegressor,2,20,2,-1,23,12,13.914841031209978,12.782249985109779
False,XGBRegressor,2,20,2,-1,25,12,9.168324446965125,6.438538975185819
