is_val_error,reg,stepSize,lastKDays,kout,kin,time_ix,hy_ix,rmse,mae
False,XGBRegressor,2,1,5,-1,0,12,22.908409414585506,16.468979729546444
False,XGBRegressor,2,1,5,-1,2,12,31.913832625778728,28.145914925469295
False,XGBRegressor,2,1,5,-1,4,12,7.167335614353781,5.30247652651084
False,XGBRegressor,2,1,5,-1,6,12,12.584250186371701,11.630976320517183
False,XGBRegressor,2,1,5,-1,8,12,7.88785407511769,6.349556181165909
False,XGBRegressor,2,1,5,-1,10,12,7.283128494898768,5.8616546091407224
False,XGBRegressor,2,1,5,-1,12,12,3.580033274232186,3.185877651638456
False,XGBRegressor,2,1,5,-1,14,12,13.959141529408477,9.234894060621075
False,XGBRegressor,2,1,5,-1,16,12,8.218011721001703,7.003527323404955
