is_val_error,reg,stepSize,lastKDays,kout,kin,time_ix,hy_ix,rmse,mae
False,XGBRegressor,2,20,4,-1,19,12,8.161085231142602,6.3736326429579035
False,XGBRegressor,2,20,4,-1,21,12,13.595839455637595,8.898447278826495
False,XGBRegressor,2,20,4,-1,23,12,3.1293639388500814,2.9819624159071196
False,XGBRegressor,2,20,4,-1,25,12,4.757868919271301,3.956418921060609
False,XGBRegressor,2,20,4,-1,27,12,9.687551567554193,7.7691881839884545
