is_val_error,reg,stepSize,lastKDays,kout,kin,time_ix,hy_ix,rmse,mae
False,SVR,2,10,0,-1,9,5,23.57533042562854,23.438021945997235
False,SVR,2,10,0,-1,11,5,15.691340140427098,14.092522620282866
False,SVR,2,10,0,-1,13,5,12.052134087603305,11.859322490342018
False,SVR,2,10,0,-1,15,5,7.104574509048703,5.523191200922092
False,SVR,2,10,0,-1,17,5,51.787582265322854,50.743033018970685
False,SVR,2,10,0,-1,19,5,45.14451143161197,44.077004308262765
