is_val_error,reg,stepSize,lastKDays,kout,kin,time_ix,hy_ix,rmse,mae
False,XGBRFRegressor,2,10,5,-1,9,12,2.9227876507514567,2.442260401260451
False,XGBRFRegressor,2,10,5,-1,11,12,11.891801452748387,9.43236266979273
False,XGBRFRegressor,2,10,5,-1,13,12,15.719141961068098,12.64408281114366
False,XGBRFRegressor,2,10,5,-1,15,12,8.249637786680037,6.809412729172479
False,XGBRFRegressor,2,10,5,-1,17,12,19.463957121229605,18.280979723469343
False,XGBRFRegressor,2,10,5,-1,19,12,16.388263046672016,14.505263049193099
False,XGBRFRegressor,2,10,5,-1,21,12,4.738856115999051,4.270036485460072
False,XGBRFRegressor,2,10,5,-1,23,12,7.776004772337928,5.945911407470703
False,XGBRFRegressor,2,10,5,-1,25,12,4.194530785943831,3.5289864722290853
