is_val_error,reg,stepSize,lastKDays,kout,kin,time_ix,hy_ix,rmse,mae
False,Lasso,2,20,2,-1,19,7,16.527242647205274,14.041537862268715
False,Lasso,2,20,2,-1,21,7,7.17717205695092,6.285607438545941
False,Lasso,2,20,2,-1,23,7,17.84130906935052,12.103776535978495
False,Lasso,2,20,2,-1,25,7,22.16780538158531,19.892981110251206
False,Lasso,2,20,2,-1,27,7,32.28674892305094,31.529643701766805
