is_val_error,reg,stepSize,lastKDays,kout,kin,time_ix,hy_ix,rmse,mae
False,SVR,2,1,3,-1,0,5,9.45126363377629,8.306648624275631
False,SVR,2,1,3,-1,2,5,12.895274011177637,10.404535034648307
