is_val_error,reg,stepSize,lastKDays,kout,kin,time_ix,hy_ix,rmse,mae
False,XGBRFRegressor,2,10,2,-1,9,12,1.9595571971564922,1.7021722793579126
False,XGBRFRegressor,2,10,2,-1,11,12,20.108330040302544,12.58331786261664
False,XGBRFRegressor,2,10,2,-1,13,12,10.11683589602002,7.9801615820990675
False,XGBRFRegressor,2,10,2,-1,15,12,12.32490594507006,10.585012054443354
