is_val_error,reg,stepSize,lastKDays,kout,kin,time_ix,hy_ix,rmse,mae
False,Lasso,2,10,5,-1,9,7,19.752227995391966,18.80700745995712
False,Lasso,2,10,5,-1,11,7,11.691106715296248,10.723963637743468
False,Lasso,2,10,5,-1,13,7,25.32601185963707,19.589431274621596
