is_val_error,reg,stepSize,lastKDays,kout,kin,time_ix,hy_ix,rmse,mae
False,Lasso,2,20,1,-1,19,7,26.71277941793916,21.206381608200008
False,Lasso,2,20,1,-1,21,7,33.97698535861552,20.37429837235499
False,Lasso,2,20,1,-1,23,7,10.626307677678847,7.078788928742432
False,Lasso,2,20,1,-1,25,7,25.799888561855592,23.87315152249428
False,Lasso,2,20,1,-1,27,7,36.57251469032202,35.19468538748579
