is_val_error,reg,stepSize,lastKDays,kout,kin,time_ix,hy_ix,rmse,mae
False,XGBRegressor,2,10,4,-1,9,12,1.6661048343398968,1.08581517537435
False,XGBRegressor,2,10,4,-1,11,12,8.717095544664774,7.550188191731772
False,XGBRegressor,2,10,4,-1,13,12,13.05233356214719,9.356160128558122
False,XGBRegressor,2,10,4,-1,15,12,12.738509208373726,9.582638846503368
