is_val_error,reg,stepSize,lastKDays,kout,kin,time_ix,hy_ix,rmse,mae
False,SVR,2,20,1,-1,19,5,28.409271705296128,26.297623996846614
False,SVR,2,20,1,-1,21,5,22.890760634319566,15.923961193902423
False,SVR,2,20,1,-1,23,5,18.06731719102155,16.41591194045962
False,SVR,2,20,1,-1,25,5,40.847550537148834,39.27190454411608
False,SVR,2,20,1,-1,27,5,26.54403541765745,26.16346766319895
