is_val_error,reg,stepSize,lastKDays,kout,kin,time_ix,hy_ix,rmse,mae
False,KNeighborsRegressor,2,20,2,-1,19,9,6.516203767405934,5.286359071088745
False,KNeighborsRegressor,2,20,2,-1,21,9,37.73301858407061,34.21580895591029
False,KNeighborsRegressor,2,20,2,-1,23,9,15.096407841546991,14.01748380393086
False,KNeighborsRegressor,2,20,2,-1,25,9,17.830383880010874,15.449853155736927
False,KNeighborsRegressor,2,20,2,-1,27,9,10.62351599797384,8.810904910106212
