is_val_error,reg,stepSize,lastKDays,kout,kin,time_ix,hy_ix,rmse,mae
False,GPR,2,20,2,-1,19,-1,8.787195445945763,5.854777442208641
False,GPR,2,20,2,-1,21,-1,10.920602458984188,9.31137066154599
