is_val_error,reg,stepSize,lastKDays,kout,kin,time_ix,hy_ix,rmse,mae
False,KNeighborsRegressor,2,10,0,-1,9,9,19.807385377056256,19.462779313623685
False,KNeighborsRegressor,2,10,0,-1,11,9,24.73945846262234,21.56782830456794
False,KNeighborsRegressor,2,10,0,-1,13,9,21.758353917851522,19.812298201073165
False,KNeighborsRegressor,2,10,0,-1,15,9,8.09655933446115,6.70383385631951
False,KNeighborsRegressor,2,10,0,-1,17,9,30.64987011560694,29.649251272113304
False,KNeighborsRegressor,2,10,0,-1,19,9,20.17515874525392,17.065244145950352
