is_val_error,reg,stepSize,lastKDays,kout,kin,time_ix,hy_ix,rmse,mae
False,XGBRegressor,2,10,1,-1,9,12,1.7659642879763056,1.464460160997178
False,XGBRegressor,2,10,1,-1,11,12,8.796043274239256,6.729353061620741
False,XGBRegressor,2,10,1,-1,13,12,7.802196039671507,6.752861961485851
False,XGBRegressor,2,10,1,-1,15,12,6.659381626780843,4.896831300523544
False,XGBRegressor,2,10,1,-1,17,12,7.57397726401773,6.290914747450084
False,XGBRegressor,2,10,1,-1,19,12,14.011275893450469,8.5712855560611
False,XGBRegressor,2,10,1,-1,21,12,41.37009461577889,23.12106518215603
False,XGBRegressor,2,10,1,-1,23,12,7.283837389950562,6.231878407796216
