is_val_error,reg,stepSize,lastKDays,kout,kin,time_ix,hy_ix,rmse,mae
False,SVR,2,20,1,-1,19,5,28.409271705296128,26.297623996846614
False,SVR,2,20,1,-1,21,5,22.890760634319566,15.923961193902423
