is_val_error,reg,stepSize,lastKDays,kout,kin,time_ix,hy_ix,rmse,mae
False,SVR,2,1,4,-1,0,5,15.576436994920163,12.20203647878243
False,SVR,2,1,4,-1,2,5,23.008844241204244,17.90344590438352
False,SVR,2,1,4,-1,4,5,12.163350816084941,10.993994243884556
False,SVR,2,1,4,-1,6,5,14.158071211953144,10.443092555677746
False,SVR,2,1,4,-1,8,5,7.061455817007469,6.556116443925776
False,SVR,2,1,4,-1,10,5,4.403397345242327,3.6037429816777697
