is_val_error,reg,stepSize,lastKDays,kout,kin,time_ix,hy_ix,rmse,mae
False,Lasso,2,1,4,-1,0,7,15.93586996220143,12.285326086956525
False,Lasso,2,1,4,-1,2,7,21.89416826409447,18.004528985507246
False,Lasso,2,1,4,-1,4,7,11.848053312189771,11.08876811594203
