is_val_error,reg,stepSize,lastKDays,kout,kin,time_ix,hy_ix,rmse,mae
False,KNeighborsRegressor,2,1,1,-1,0,9,11.648173212093651,10.682964648233579
False,KNeighborsRegressor,2,1,1,-1,2,9,14.108414868530538,11.78724481013703
False,KNeighborsRegressor,2,1,1,-1,4,9,12.504165277396142,9.516472380159849
