is_val_error,reg,stepSize,lastKDays,kout,kin,time_ix,hy_ix,rmse,mae
False,XGBRFRegressor,2,10,0,-1,9,12,8.323220428325936,8.177435768975153
False,XGBRFRegressor,2,10,0,-1,11,12,13.33855702148092,12.115138996414275
False,XGBRFRegressor,2,10,0,-1,13,12,10.114774916938556,9.025361359589217
False,XGBRFRegressor,2,10,0,-1,15,12,6.088153845153291,5.69879553053114
False,XGBRFRegressor,2,10,0,-1,17,12,25.20772150845741,24.36252274176088
False,XGBRFRegressor,2,10,0,-1,19,12,25.535713154651276,24.44232686360677
