is_val_error,reg,stepSize,lastKDays,kout,kin,time_ix,hy_ix,rmse,mae
False,SVR,2,20,0,-1,19,5,35.46887644018719,32.73170383322008
False,SVR,2,20,0,-1,21,5,13.886063726580959,12.437971960234343
False,SVR,2,20,0,-1,23,5,14.736272598042818,13.534106179958927
