is_val_error,reg,stepSize,lastKDays,kout,kin,time_ix,hy_ix,rmse,mae
False,XGBRegressor,2,1,2,-1,0,12,12.775443707950819,10.541662428114156
False,XGBRegressor,2,1,2,-1,2,12,13.339869867145818,7.856658095375302
False,XGBRegressor,2,1,2,-1,4,12,13.1872188174771,9.124120523388259
False,XGBRegressor,2,1,2,-1,6,12,19.40817508789653,15.581935058033082
