is_val_error,reg,stepSize,lastKDays,kout,kin,time_ix,hy_ix,rmse,mae
False,SVR,2,20,3,-1,19,5,25.08407542768093,24.326428603089756
False,SVR,2,20,3,-1,21,5,16.13384870680143,14.615074864035199
False,SVR,2,20,3,-1,23,5,17.498851243585943,16.4046299755797
False,SVR,2,20,3,-1,25,5,43.911985200702816,42.89857596528791
False,SVR,2,20,3,-1,27,5,26.93152823357685,24.236515105880645
