is_val_error,reg,stepSize,lastKDays,kout,kin,time_ix,hy_ix,rmse,mae
False,GPR,2,10,5,-1,9,-1,3.71602738515079,2.8094809440620683
False,GPR,2,10,5,-1,11,-1,13.359109288133633,8.557463365361823
False,GPR,2,10,5,-1,13,-1,14.96024540940525,13.22798996224958
False,GPR,2,10,5,-1,15,-1,7.2918868812724655,5.859111845315767
False,GPR,2,10,5,-1,17,-1,11.00532219970399,8.638258297508642
False,GPR,2,10,5,-1,19,-1,7.275699665838424,5.99857420199007
False,GPR,2,10,5,-1,21,-1,17.861359017708075,11.157963806021762
False,GPR,2,10,5,-1,23,-1,17.137143116727884,12.400679779469494
False,GPR,2,10,5,-1,25,-1,11.565409297347141,7.851977277842917
