is_val_error,reg,stepSize,lastKDays,kout,kin,time_ix,hy_ix,rmse,mae
False,XGBRegressor,2,1,3,-1,0,12,10.046819783125514,7.939923565797135
False,XGBRegressor,2,1,3,-1,2,12,11.034391364499383,9.644261676217047
False,XGBRegressor,2,1,3,-1,4,12,12.420632944649235,11.682849885982373
False,XGBRegressor,2,1,3,-1,6,12,8.86037531030225,7.939864360924929
False,XGBRegressor,2,1,3,-1,8,12,5.455300237126742,3.5175300174289297
