is_val_error,reg,stepSize,lastKDays,kout,kin,time_ix,hy_ix,rmse,mae
False,GPR,2,20,5,-1,19,-1,6.905166785669477,4.948051010263498
False,GPR,2,20,5,-1,21,-1,20.50899878728241,12.877321264715071
False,GPR,2,20,5,-1,23,-1,16.046864572538922,11.720962681328066
False,GPR,2,20,5,-1,27,-1,11.217808132249175,8.24081247937364
