is_val_error,reg,stepSize,lastKDays,kout,kin,time_ix,hy_ix,rmse,mae
False,SVR,2,20,5,-1,19,5,17.08479139007183,14.443428351875161
False,SVR,2,20,5,-1,21,5,7.641554748744833,5.504922090741772
False,SVR,2,20,5,-1,23,5,11.190473642158734,8.737110396498485
