is_val_error,reg,stepSize,lastKDays,kout,kin,time_ix,hy_ix,rmse,mae
False,SVR,2,10,3,-1,9,5,6.1750107328467205,4.934712024659793
False,SVR,2,10,3,-1,11,5,8.703573012937976,7.57007050524916
False,SVR,2,10,3,-1,13,5,11.19369138992744,8.094991958824266
False,SVR,2,10,3,-1,15,5,8.287962947269387,6.3147497746930386
False,SVR,2,10,3,-1,17,5,17.555174818842904,14.707950313931212
False,SVR,2,10,3,-1,19,5,14.377802337437277,13.47145396378331
False,SVR,2,10,3,-1,21,5,7.763481287344028,6.501199212656251
