is_val_error,reg,stepSize,lastKDays,kout,kin,time_ix,hy_ix,rmse,mae
False,Lasso,2,10,5,-1,9,7,8.008759570595474,5.99993092559274
False,Lasso,2,10,5,-1,11,7,10.615556478016721,6.653334152100219
False,Lasso,2,10,5,-1,13,7,15.578674654340142,13.735519739309881
False,Lasso,2,10,5,-1,15,7,10.187064683868574,8.477821613943654
