is_val_error,reg,stepSize,lastKDays,kout,kin,time_ix,hy_ix,rmse,mae
False,SVR,2,20,3,-1,19,5,25.08407542768093,24.326428603089756
False,SVR,2,20,3,-1,21,5,16.13384870680143,14.615074864035199
