is_val_error,reg,stepSize,lastKDays,kout,kin,time_ix,hy_ix,rmse,mae
False,XGBRegressor,2,1,3,-1,0,12,10.66978684737127,9.424780489218358
False,XGBRegressor,2,1,3,-1,2,12,14.046753029255305,11.756476718331305
False,XGBRegressor,2,1,3,-1,4,12,14.75977013426598,14.089332741461297
