is_val_error,reg,stepSize,lastKDays,kout,kin,time_ix,hy_ix,rmse,mae
False,SVR,2,20,4,-1,19,5,26.751260056895834,25.545350138733607
False,SVR,2,20,4,-1,21,5,16.676242608426275,14.522970712053393
False,SVR,2,20,4,-1,23,5,20.100954405844977,19.13881269070661
