is_val_error,reg,stepSize,lastKDays,kout,kin,time_ix,hy_ix,rmse,mae
False,SVR,2,1,1,-1,0,5,16.08402221002148,14.72817454347481
False,SVR,2,1,1,-1,2,5,12.85367662274777,10.881712703155042
False,SVR,2,1,1,-1,4,5,15.413409880761552,12.479860443720971
False,SVR,2,1,1,-1,6,5,14.03712985467999,11.624355290710994
False,SVR,2,1,1,-1,8,5,5.292326646548709,4.049947811487441
