is_val_error,reg,stepSize,lastKDays,kout,kin,time_ix,hy_ix,rmse,mae
False,XGBRegressor,2,20,5,-1,19,12,8.399491417915536,6.292204500448828
False,XGBRegressor,2,20,5,-1,21,12,31.67250542424044,16.33478164672852
False,XGBRegressor,2,20,5,-1,23,12,22.58882904752755,15.14581637912326
