is_val_error,reg,stepSize,lastKDays,kout,kin,time_ix,hy_ix,rmse,mae
False,GPR,2,20,0,-1,19,-1,8.02677794023372,6.048554040100146
False,GPR,2,20,0,-1,21,-1,12.528953042855322,9.74300665092543
False,GPR,2,20,0,-1,23,-1,5.928112824478378,5.464224663855535
False,GPR,2,20,0,-1,25,-1,7.68656563295576,5.9665671245504015
