is_val_error,reg,stepSize,lastKDays,kout,kin,time_ix,hy_ix,rmse,mae
False,SVR,2,1,4,-1,0,5,15.344589851255959,12.062525081676538
False,SVR,2,1,4,-1,2,5,22.973889710850052,17.756987022869414
False,SVR,2,1,4,-1,4,5,11.999595243382291,10.837332704897639
False,SVR,2,1,4,-1,6,5,14.183197118694702,10.538207837427526
False,SVR,2,1,4,-1,8,5,6.747744514313892,6.283875873230667
