is_val_error,reg,stepSize,lastKDays,kout,kin,time_ix,hy_ix,rmse,mae
False,SVR,2,20,0,-1,19,5,19.55532048885365,16.1098625052785
False,SVR,2,20,0,-1,21,5,7.987571684449402,6.385337766022741
False,SVR,2,20,0,-1,23,5,10.477393841142193,7.761246930986864
False,SVR,2,20,0,-1,25,5,5.381730624441742,4.04354804939418
False,SVR,2,20,0,-1,27,5,3.610296629938754,2.5066165801829405
