is_val_error,reg,stepSize,lastKDays,kout,kin,time_ix,hy_ix,rmse,mae
False,XGBRegressor,2,20,1,-1,19,12,13.316579978993865,9.08469171235056
False,XGBRegressor,2,20,1,-1,21,12,51.190009567444264,28.14616652594672
False,XGBRegressor,2,20,1,-1,23,12,7.016118209879233,6.330686950683588
False,XGBRegressor,2,20,1,-1,25,12,9.74763914797214,6.995719953896341
