is_val_error,reg,stepSize,lastKDays,kout,kin,time_ix,hy_ix,rmse,mae
False,Lasso,2,10,1,-1,9,7,5.518489998180602,3.0545857443120408
False,Lasso,2,10,1,-1,11,7,10.36737364193173,7.576682941240912
False,Lasso,2,10,1,-1,13,7,7.722595060130581,6.403584727440254
