is_val_error,reg,stepSize,lastKDays,kout,kin,time_ix,hy_ix,rmse,mae
False,XGBRegressor,2,1,0,-1,0,12,13.514285127934501,12.44280497233074
False,XGBRegressor,2,1,0,-1,2,12,12.881274899700088,9.243312411838112
False,XGBRegressor,2,1,0,-1,4,12,5.136849251809569,4.480440881517199
False,XGBRegressor,2,1,0,-1,6,12,17.326239939483862,10.937774504073948
False,XGBRegressor,2,1,0,-1,8,12,4.073955309149832,3.1791977352566136
