is_val_error,reg,stepSize,lastKDays,kout,kin,time_ix,hy_ix,rmse,mae
False,Lasso,2,10,2,-1,9,7,4.011349538431603,3.199116599833945
False,Lasso,2,10,2,-1,11,7,19.93317564435804,11.541233831560477
False,Lasso,2,10,2,-1,13,7,7.8190761173710674,6.130705184174445
False,Lasso,2,10,2,-1,15,7,4.337622964399519,4.251764712134441
False,Lasso,2,10,2,-1,17,7,15.212996323429437,12.208762487632296
False,Lasso,2,10,2,-1,19,7,8.195394040195474,7.148180186383177
False,Lasso,2,10,2,-1,21,7,11.28109351547505,10.243518761876876
