is_val_error,reg,stepSize,lastKDays,kout,kin,time_ix,hy_ix,rmse,mae
False,SVR,2,10,4,-1,9,5,4.069859754313681,2.9266248266006882
False,SVR,2,10,4,-1,11,5,6.676547364814638,4.376064384428231
False,SVR,2,10,4,-1,13,5,7.154607723375555,5.774067222247065
False,SVR,2,10,4,-1,15,5,13.10309099536473,12.021938763289084
False,SVR,2,10,4,-1,17,5,14.158661736738155,11.990789607793062
False,SVR,2,10,4,-1,19,5,16.099785105398674,14.976219007315812
False,SVR,2,10,4,-1,21,5,12.663589774745637,8.374037722040972
False,SVR,2,10,4,-1,23,5,6.4878724641201915,5.126364870180628
False,SVR,2,10,4,-1,25,5,10.483563114307618,9.011585546082703
