is_val_error,reg,stepSize,lastKDays,kout,kin,time_ix,hy_ix,rmse,mae
False,XGBRFRegressor,2,10,5,-1,9,12,8.476460846667239,7.675264593483746
False,XGBRFRegressor,2,10,5,-1,11,12,12.956170073862543,11.399296873894292
False,XGBRFRegressor,2,10,5,-1,13,12,18.106501848058144,14.25329568650987
False,XGBRFRegressor,2,10,5,-1,15,12,11.792106714790535,10.277289405701652
False,XGBRFRegressor,2,10,5,-1,17,12,27.209921670178108,26.307359626626894
