is_val_error,reg,stepSize,lastKDays,kout,kin,time_ix,hy_ix,rmse,mae
False,XGBRFRegressor,2,10,2,-1,9,12,9.897267467207696,9.648129357231987
False,XGBRFRegressor,2,10,2,-1,11,12,20.796688468762532,10.786526785956484
False,XGBRFRegressor,2,10,2,-1,13,12,12.763272525806657,9.340989345974393
False,XGBRFRegressor,2,10,2,-1,15,12,7.9705141085433375,6.894082641601557
False,XGBRFRegressor,2,10,2,-1,17,12,17.75178224620006,15.81996087839481
