is_val_error,reg,stepSize,lastKDays,kout,kin,time_ix,hy_ix,rmse,mae
False,GPR,2,10,2,-1,9,-1,3.7778103294406504,3.4779045367312875
False,GPR,2,10,2,-1,11,-1,16.2360148341195,10.607391755323507
False,GPR,2,10,2,-1,13,-1,9.450794962723094,8.361343902126107
False,GPR,2,10,2,-1,15,-1,6.53901176473661,6.136432421027406
False,GPR,2,10,2,-1,17,-1,15.099599101247144,13.583659967033299
False,GPR,2,10,2,-1,19,-1,8.181973993664027,5.845204767783827
False,GPR,2,10,2,-1,21,-1,11.736330646482225,9.213649995445493
False,GPR,2,10,2,-1,23,-1,13.166417355945036,11.26074799730681
False,GPR,2,10,2,-1,25,-1,12.21141934238766,8.005102035204857
