is_val_error,reg,stepSize,lastKDays,kout,kin,time_ix,hy_ix,rmse,mae
False,SVR,2,1,3,-1,0,5,9.45126363377629,8.306648624275631
False,SVR,2,1,3,-1,2,5,12.895274011177637,10.404535034648307
False,SVR,2,1,3,-1,4,5,12.293555688056506,8.751023570718214
False,SVR,2,1,3,-1,6,5,12.729176411808924,10.242411827461282
False,SVR,2,1,3,-1,8,5,3.681704443478712,2.930488614968199
False,SVR,2,1,3,-1,10,5,7.561657463474709,5.760690718749227
