is_val_error,reg,stepSize,lastKDays,kout,kin,time_ix,hy_ix,rmse,mae
False,SVR,2,1,0,-1,0,5,14.790481550960518,13.787057692662941
False,SVR,2,1,0,-1,2,5,20.68488771677287,12.725754962776618
False,SVR,2,1,0,-1,4,5,4.86505933109926,3.933018740081661
False,SVR,2,1,0,-1,6,5,12.621837801500885,9.72112722441985
False,SVR,2,1,0,-1,8,5,4.110553689132014,3.5416284664709834
False,SVR,2,1,0,-1,10,5,4.252425242946449,3.3450287513091546
