is_val_error,reg,stepSize,lastKDays,kout,kin,time_ix,hy_ix,rmse,mae
False,Lasso,2,10,3,-1,9,7,4.974734018872571,4.013291820253897
False,Lasso,2,10,3,-1,11,7,10.355576091887393,8.887653303241379
False,Lasso,2,10,3,-1,13,7,11.52839982859436,7.594455079388638
False,Lasso,2,10,3,-1,15,7,9.120761112165336,6.360560574080435
False,Lasso,2,10,3,-1,17,7,15.879761299890774,13.217978241877864
False,Lasso,2,10,3,-1,19,7,6.24259693772628,5.093307813513377
False,Lasso,2,10,3,-1,21,7,10.40467539277523,9.056292779230219
False,Lasso,2,10,3,-1,23,7,7.84514181662406,6.0488681620022104
