is_val_error,reg,stepSize,lastKDays,kout,kin,time_ix,hy_ix,rmse,mae
False,SVR,2,1,0,-1,0,5,14.790481550960518,13.787057692662941
False,SVR,2,1,0,-1,2,5,20.68488771677287,12.725754962776618
