is_val_error,reg,stepSize,lastKDays,kout,kin,time_ix,hy_ix,rmse,mae
False,SVR,2,1,5,-1,0,5,16.72661564721916,11.547242869923744
False,SVR,2,1,5,-1,2,5,25.701015621797204,22.630849167737903
False,SVR,2,1,5,-1,4,5,9.75982160630295,7.464258947255341
False,SVR,2,1,5,-1,6,5,11.40074102101409,8.760318031103628
False,SVR,2,1,5,-1,8,5,6.15081743841008,4.5464417536561825
False,SVR,2,1,5,-1,10,5,6.254996338951946,5.10564381541646
False,SVR,2,1,5,-1,12,5,5.4701610155354015,4.379113914829302
