is_val_error,reg,stepSize,lastKDays,kout,kin,time_ix,hy_ix,rmse,mae
False,SVR,2,20,0,-1,19,5,19.55532048885365,16.1098625052785
False,SVR,2,20,0,-1,21,5,7.987571684449402,6.385337766022741
