is_val_error,reg,stepSize,lastKDays,kout,kin,time_ix,hy_ix,rmse,mae
False,SVR,2,20,5,-1,19,5,35.10039856716359,31.59416569865976
False,SVR,2,20,5,-1,21,5,15.100630970091894,13.170754260956173
False,SVR,2,20,5,-1,23,5,14.636379197464183,13.587567167351338
