is_val_error,reg,stepSize,lastKDays,kout,kin,time_ix,hy_ix,rmse,mae
False,Lasso,2,10,5,-1,9,7,8.008759570595474,5.99993092559274
False,Lasso,2,10,5,-1,11,7,10.615556478016721,6.653334152100219
False,Lasso,2,10,5,-1,13,7,15.578674654340142,13.735519739309881
False,Lasso,2,10,5,-1,15,7,10.187064683868574,8.477821613943654
False,Lasso,2,10,5,-1,17,7,17.876326845578458,16.298191023425968
False,Lasso,2,10,5,-1,19,7,13.599142215244653,11.019046871655155
False,Lasso,2,10,5,-1,21,7,13.626719375666832,12.422876327430894
False,Lasso,2,10,5,-1,23,7,10.831036943553812,9.230591998324186
