is_val_error,reg,stepSize,lastKDays,kout,kin,time_ix,hy_ix,rmse,mae
False,GPR,2,10,0,-1,9,-1,4.1336968359881725,2.76916525579869
False,GPR,2,10,0,-1,11,-1,9.5929304361903,8.405552608235032
