is_val_error,reg,stepSize,lastKDays,kout,kin,time_ix,hy_ix,rmse,mae
False,GPR,2,20,4,-1,19,-1,7.152172593862557,6.715715017182184
False,GPR,2,20,4,-1,21,-1,14.259160503607596,11.236190161941096
False,GPR,2,20,4,-1,23,-1,6.320390950700388,5.105568214709002
False,GPR,2,20,4,-1,25,-1,6.671768380106293,5.955327466216993
