is_val_error,reg,stepSize,lastKDays,kout,kin,time_ix,hy_ix,rmse,mae
False,SVR,2,20,1,-1,19,5,22.93764898604893,14.811753671457806
False,SVR,2,20,1,-1,21,5,38.073729422872375,24.003048385766487
False,SVR,2,20,1,-1,23,5,7.731208642124139,6.9323902708496234
