is_val_error,reg,stepSize,lastKDays,kout,kin,time_ix,hy_ix,rmse,mae
False,Lasso,2,10,4,-1,9,7,4.873724457541361,3.366731632936356
False,Lasso,2,10,4,-1,11,7,5.690054892543563,4.128738431551421
False,Lasso,2,10,4,-1,13,7,8.012025343024137,6.83171231810518
False,Lasso,2,10,4,-1,15,7,13.88607108437142,12.029793365122567
False,Lasso,2,10,4,-1,17,7,15.785545014059899,13.996532733762052
False,Lasso,2,10,4,-1,19,7,11.945981768747282,10.807811441553637
