is_val_error,reg,stepSize,lastKDays,kout,kin,time_ix,hy_ix,rmse,mae
False,Lasso,2,10,1,-1,9,7,18.27771572437961,17.824424628936065
False,Lasso,2,10,1,-1,11,7,12.35451502201785,10.602994228011399
False,Lasso,2,10,1,-1,13,7,20.933689151037743,19.04465388267723
