is_val_error,reg,stepSize,lastKDays,kout,kin,time_ix,hy_ix,rmse,mae
False,GPR,2,20,4,-1,19,-1,7.152172593862557,6.715715017182184
False,GPR,2,20,4,-1,21,-1,14.259160503607596,11.236190161941096
