is_val_error,reg,stepSize,lastKDays,kout,kin,time_ix,hy_ix,rmse,mae
False,Lasso,2,1,5,-1,0,7,16.80275117861711,11.835764792808481
False,Lasso,2,1,5,-1,2,7,25.018081575404,23.194917613609316
False,Lasso,2,1,5,-1,4,7,9.905401909500165,7.901386195990423
