is_val_error,reg,stepSize,lastKDays,kout,kin,time_ix,hy_ix,rmse,mae
False,XGBRFRegressor,2,10,3,-1,9,12,4.867362026705941,3.8075793584187827
False,XGBRFRegressor,2,10,3,-1,11,12,9.927672004694786,8.964115847963276
False,XGBRFRegressor,2,10,3,-1,13,12,11.57924208721591,8.361431884765631
False,XGBRFRegressor,2,10,3,-1,15,12,6.8893166604535345,5.92725909197772
False,XGBRFRegressor,2,10,3,-1,17,12,15.020953602472261,13.06547299444963
False,XGBRFRegressor,2,10,3,-1,19,12,8.353345626102858,7.441017150878916
False,XGBRFRegressor,2,10,3,-1,21,12,7.0025966090683704,5.762802124023442
