is_val_error,reg,stepSize,lastKDays,kout,kin,time_ix,hy_ix,rmse,mae
False,GPR,2,20,1,-1,19,-1,10.187849821862347,6.992162896524978
False,GPR,2,20,1,-1,21,-1,34.28138288282792,19.014799951885394
False,GPR,2,20,1,-1,23,-1,7.233498148513813,4.39703010341354
False,GPR,2,20,1,-1,25,-1,13.231623285756239,9.091858001295693
False,GPR,2,20,1,-1,27,-1,6.420730439393943,3.59643174955099
