is_val_error,reg,stepSize,lastKDays,kout,kin,time_ix,hy_ix,rmse,mae
False,Lasso,2,1,0,-1,0,7,14.218887614882457,13.358433725814807
False,Lasso,2,1,0,-1,2,7,19.365378666728468,13.325723829322053
False,Lasso,2,1,0,-1,4,7,5.229218282577662,4.250179811392047
False,Lasso,2,1,0,-1,6,7,11.839138988058593,9.173665843542288
False,Lasso,2,1,0,-1,8,7,4.41230925075731,4.112337614662411
