is_val_error,reg,stepSize,lastKDays,kout,kin,time_ix,hy_ix,rmse,mae
False,Lasso,2,20,1,-1,19,7,40.51629501128753,37.04136548896736
False,Lasso,2,20,1,-1,21,7,29.111096620559863,22.409129801715334
False,Lasso,2,20,1,-1,23,7,27.398272483586904,25.64661041055725
False,Lasso,2,20,1,-1,25,7,41.89074750753933,39.963818518727884
False,Lasso,2,20,1,-1,27,7,25.549664653818343,24.0572215697743
