is_val_error,reg,stepSize,lastKDays,kout,kin,time_ix,hy_ix,rmse,mae
False,KNeighborsRegressor,2,20,5,-1,19,9,15.530767544889166,11.079200957193557
False,KNeighborsRegressor,2,20,5,-1,21,9,32.40642831776426,30.802178097694156
False,KNeighborsRegressor,2,20,5,-1,23,9,10.106645517756895,7.87083933751983
