is_val_error,reg,stepSize,lastKDays,kout,kin,time_ix,hy_ix,rmse,mae
False,XGBRegressor,2,1,0,-1,0,12,12.481501860462451,11.285752614339202
False,XGBRegressor,2,1,0,-1,2,12,12.070539089150564,7.898048718770352
False,XGBRegressor,2,1,0,-1,4,12,3.7314131185602144,3.4366740650600867
False,XGBRegressor,2,1,0,-1,6,12,14.117688368306094,10.431388700851292
False,XGBRegressor,2,1,0,-1,8,12,4.032386800695042,3.131318834092877
False,XGBRegressor,2,1,0,-1,10,12,5.875578133729052,4.805692817225603
