is_val_error,reg,stepSize,lastKDays,kout,kin,time_ix,hy_ix,rmse,mae
False,Lasso,2,20,2,-1,19,7,16.527242647205274,14.041537862268715
False,Lasso,2,20,2,-1,21,7,7.17717205695092,6.285607438545941
