is_val_error,reg,stepSize,lastKDays,kout,kin,time_ix,hy_ix,rmse,mae
False,Lasso,2,20,2,-1,19,7,27.791966077655243,26.35842441568617
False,Lasso,2,20,2,-1,21,7,22.18603582437774,20.70459618223583
