is_val_error,reg,stepSize,lastKDays,kout,kin,time_ix,hy_ix,rmse,mae
False,Lasso,2,20,0,-1,19,7,36.2386458679174,35.92202849724205
False,Lasso,2,20,0,-1,21,7,17.820029059080436,16.383826517755484
False,Lasso,2,20,0,-1,23,7,22.888252488912677,22.69007335308721
False,Lasso,2,20,0,-1,25,7,39.6725349957058,39.41052715871245
False,Lasso,2,20,0,-1,27,7,24.39532901574901,23.339015808522294
