is_val_error,reg,stepSize,lastKDays,kout,kin,time_ix,hy_ix,rmse,mae
False,Lasso,2,20,4,-1,19,7,35.6471940947154,34.03922452631948
False,Lasso,2,20,4,-1,21,7,18.576901273843152,16.886176591401377
False,Lasso,2,20,4,-1,23,7,25.786978080675052,24.98757838953883
False,Lasso,2,20,4,-1,25,7,46.847035344776785,46.67460395506163
False,Lasso,2,20,4,-1,27,7,26.412696335862055,24.122378217255797
