is_val_error,reg,stepSize,lastKDays,kout,kin,time_ix,hy_ix,rmse,mae
False,GPR,2,20,0,-1,19,-1,8.02677794023372,6.048554040100146
False,GPR,2,20,0,-1,21,-1,12.528953042855322,9.74300665092543
