is_val_error,reg,stepSize,lastKDays,kout,kin,time_ix,hy_ix,rmse,mae
False,XGBRegressor,2,1,1,-1,0,12,14.67585649080648,12.818366709538708
False,XGBRegressor,2,1,1,-1,2,12,6.433499703124035,5.829572109177178
False,XGBRegressor,2,1,1,-1,4,12,11.14455919651286,5.829383971887233
False,XGBRegressor,2,1,1,-1,6,12,10.721388103527891,9.429133000999988
False,XGBRegressor,2,1,1,-1,8,12,4.219652752545328,3.733321682842456
False,XGBRegressor,2,1,1,-1,10,12,4.540933648930162,4.157549263774485
