is_val_error,reg,stepSize,lastKDays,kout,kin,time_ix,hy_ix,rmse,mae
False,GPR,2,10,4,-1,9,-1,1.9490442538740953,1.5286042756576996
False,GPR,2,10,4,-1,11,-1,3.81957984355039,3.2657652262188877
