is_val_error,reg,stepSize,lastKDays,kout,kin,time_ix,hy_ix,rmse,mae
False,Lasso,2,1,3,-1,0,7,10.933978722300953,9.448469155831814
False,Lasso,2,1,3,-1,2,7,11.00866060829545,9.05679644161879
False,Lasso,2,1,3,-1,4,7,10.973495343849972,9.38369449753842
False,Lasso,2,1,3,-1,6,7,12.543136500322678,10.61213606514639
