is_val_error,reg,stepSize,lastKDays,kout,kin,time_ix,hy_ix,rmse,mae
False,Lasso,2,1,3,-1,0,7,11.097394900743438,9.578825177759924
False,Lasso,2,1,3,-1,2,7,9.580763580029792,7.7982118602037005
False,Lasso,2,1,3,-1,4,7,10.946804045320238,9.440914822597138
False,Lasso,2,1,3,-1,6,7,12.541145188523886,10.578215240125646
False,Lasso,2,1,3,-1,8,7,3.275884106196356,1.9924049179899772
False,Lasso,2,1,3,-1,10,7,6.232073053230243,4.6013515883788765
