is_val_error,reg,stepSize,lastKDays,kout,kin,time_ix,hy_ix,rmse,mae
False,SVR,2,10,2,-1,9,5,4.437893075674287,3.783886304987606
False,SVR,2,10,2,-1,11,5,19.423798314202394,12.096039141008838
False,SVR,2,10,2,-1,13,5,9.543518907773732,8.083783060918762
False,SVR,2,10,2,-1,15,5,4.200493178621854,4.04170756329093
False,SVR,2,10,2,-1,17,5,14.327775477881977,10.369829528073003
