is_val_error,reg,stepSize,lastKDays,kout,kin,time_ix,hy_ix,rmse,mae
False,XGBRFRegressor,2,10,2,-1,9,12,9.897267467207696,9.648129357231987
False,XGBRFRegressor,2,10,2,-1,11,12,20.796688468762532,10.786526785956484
False,XGBRFRegressor,2,10,2,-1,13,12,12.763272525806657,9.340989345974393
False,XGBRFRegressor,2,10,2,-1,15,12,7.9705141085433375,6.894082641601557
False,XGBRFRegressor,2,10,2,-1,17,12,17.75178224620006,15.81996087839481
False,XGBRFRegressor,2,10,2,-1,19,12,13.631652069840904,11.866677989130432
False,XGBRFRegressor,2,10,2,-1,21,12,15.292133640020898,12.531710874879513
False,XGBRFRegressor,2,10,2,-1,23,12,18.588460349278616,17.809742508303138
False,XGBRFRegressor,2,10,2,-1,25,12,13.720498168904713,12.18900055355496
