is_val_error,reg,stepSize,lastKDays,kout,kin,time_ix,hy_ix,rmse,mae
False,XGBRegressor,2,1,4,-1,0,12,9.933623386115244,8.316217081558301
False,XGBRegressor,2,1,4,-1,2,12,23.41095832059319,20.55046090757213
False,XGBRegressor,2,1,4,-1,4,12,12.543991233531042,10.407937478328096
False,XGBRegressor,2,1,4,-1,6,12,15.630330445262002,8.89552757956765
False,XGBRegressor,2,1,4,-1,8,12,4.095174783532806,3.6283579508463504
False,XGBRegressor,2,1,4,-1,10,12,4.628253260893974,4.002445825353842
False,XGBRegressor,2,1,4,-1,12,12,3.5251446332706293,3.141288088370062
False,XGBRegressor,2,1,4,-1,14,12,9.0335857543877,7.026008605957031
