is_val_error,reg,stepSize,lastKDays,kout,kin,time_ix,hy_ix,rmse,mae
False,GPR,2,10,1,-1,9,-1,2.087510753097717,1.9369212107432905
False,GPR,2,10,1,-1,11,-1,57.193719203171426,55.5540458937198
False,GPR,2,10,1,-1,13,-1,7.021279551387988,6.07426238372958
False,GPR,2,10,1,-1,15,-1,7.227361049608365,5.5822482992053155
False,GPR,2,10,1,-1,19,-1,12.40166211795246,8.13559097515705
False,GPR,2,10,1,-1,21,-1,36.11859174386219,20.257897634588126
False,GPR,2,10,1,-1,23,-1,6.712838927961856,3.6719575175401773
False,GPR,2,10,1,-1,25,-1,12.392602248334773,8.365840468280549
