is_val_error,reg,stepSize,lastKDays,kout,kin,time_ix,hy_ix,rmse,mae
False,SVR,2,20,2,-1,19,5,17.39447384560782,13.546005834389902
False,SVR,2,20,2,-1,21,5,10.188302910475194,8.450614802608097
False,SVR,2,20,2,-1,23,5,22.52618866286648,17.822028628573282
