is_val_error,reg,stepSize,lastKDays,kout,kin,time_ix,hy_ix,rmse,mae
False,KNeighborsRegressor,2,1,5,-1,0,9,23.202618518158026,18.321035018249436
False,KNeighborsRegressor,2,1,5,-1,2,9,27.932978635307613,23.535918297954183
False,KNeighborsRegressor,2,1,5,-1,4,9,8.867273739960309,7.580386615533523
False,KNeighborsRegressor,2,1,5,-1,6,9,14.777123694547539,11.960094131411557
False,KNeighborsRegressor,2,1,5,-1,8,9,6.994795414004427,5.456863970234245
False,KNeighborsRegressor,2,1,5,-1,10,9,6.024848489085075,4.995688809767953
False,KNeighborsRegressor,2,1,5,-1,12,9,4.181471496795883,3.877155227933388
False,KNeighborsRegressor,2,1,5,-1,14,9,16.25576983449955,11.015129541617291
False,KNeighborsRegressor,2,1,5,-1,16,9,8.928507505034577,7.656920755579232
