is_val_error,reg,stepSize,lastKDays,kout,kin,time_ix,hy_ix,rmse,mae
False,XGBRegressor,2,20,3,-1,19,12,7.156237965209124,6.239456176757822
False,XGBRegressor,2,20,3,-1,21,12,6.764865410935055,5.8252911037868955
False,XGBRegressor,2,20,3,-1,23,12,6.496239424017353,4.900792227851021
