is_val_error,reg,stepSize,lastKDays,kout,kin,time_ix,hy_ix,rmse,mae
False,Lasso,2,10,2,-1,9,7,4.011349538431603,3.199116599833945
False,Lasso,2,10,2,-1,11,7,19.93317564435804,11.541233831560477
