is_val_error,reg,stepSize,lastKDays,kout,kin,time_ix,hy_ix,rmse,mae
False,SVR,2,1,3,-1,0,5,9.451283969152378,8.306756845523436
False,SVR,2,1,3,-1,2,5,12.89538205864201,10.40468129013381
