is_val_error,reg,stepSize,lastKDays,kout,kin,time_ix,hy_ix,rmse,mae
False,XGBRFRegressor,2,10,1,-1,9,12,2.808679249204072,2.145190980699326
False,XGBRFRegressor,2,10,1,-1,11,12,17.649739619520144,12.32358371347621
False,XGBRFRegressor,2,10,1,-1,13,12,10.208561516920971,8.315196264357796
False,XGBRFRegressor,2,10,1,-1,15,12,9.17109889576506,7.363330629136826
False,XGBRFRegressor,2,10,1,-1,17,12,14.425854157755198,12.985952589246958
False,XGBRFRegressor,2,10,1,-1,19,12,23.17164865560951,16.683080808080806
False,XGBRFRegressor,2,10,1,-1,21,12,39.64715202496305,22.189156256781683
