is_val_error,reg,stepSize,lastKDays,kout,kin,time_ix,hy_ix,rmse,mae
False,Lasso,2,20,3,-1,19,7,18.418772241250814,17.913642677974938
False,Lasso,2,20,3,-1,21,7,7.370430794537278,6.3125054038242565
