is_val_error,reg,stepSize,lastKDays,kout,kin,time_ix,hy_ix,rmse,mae
False,KNeighborsRegressor,2,1,4,-1,0,9,11.828685772797712,9.526303500147195
False,KNeighborsRegressor,2,1,4,-1,2,9,17.13170962897576,13.762946627979213
False,KNeighborsRegressor,2,1,4,-1,4,9,9.986541721695325,8.369345430068337
False,KNeighborsRegressor,2,1,4,-1,6,9,12.531727081137,10.56767024994497
False,KNeighborsRegressor,2,1,4,-1,8,9,4.712925125272627,4.655520393866236
False,KNeighborsRegressor,2,1,4,-1,10,9,3.218785718806293,2.8955410591893234
False,KNeighborsRegressor,2,1,4,-1,12,9,1.9875248109259942,1.8823556455185895
False,KNeighborsRegressor,2,1,4,-1,14,9,10.621186585648088,8.544068071239321
False,KNeighborsRegressor,2,1,4,-1,16,9,13.065531093176295,10.571210602143182
