is_val_error,reg,stepSize,lastKDays,kout,kin,time_ix,hy_ix,rmse,mae
False,SVR,2,10,3,-1,9,5,6.1750107328467205,4.934712024659793
False,SVR,2,10,3,-1,11,5,8.703573012937976,7.57007050524916
False,SVR,2,10,3,-1,13,5,11.19369138992744,8.094991958824266
False,SVR,2,10,3,-1,15,5,8.287962947269387,6.3147497746930386
