is_val_error,reg,stepSize,lastKDays,kout,kin,time_ix,hy_ix,rmse,mae
False,Lasso,2,1,3,-1,0,7,11.097394900743438,9.578825177759924
False,Lasso,2,1,3,-1,2,7,9.580763580029792,7.7982118602037005
