is_val_error,reg,stepSize,lastKDays,kout,kin,time_ix,hy_ix,rmse,mae
False,SVR,2,20,3,-1,19,5,9.039618115352845,7.6408275072093375
False,SVR,2,20,3,-1,21,5,8.073034041417623,6.860524908255248
False,SVR,2,20,3,-1,23,5,8.982154515417061,7.926248529739702
