is_val_error,reg,stepSize,lastKDays,kout,kin,time_ix,hy_ix,rmse,mae
False,Lasso,2,1,1,-1,0,7,16.237692586564858,14.728562801932364
False,Lasso,2,1,1,-1,2,7,15.557811809714433,11.977735617039965
False,Lasso,2,1,1,-1,4,7,14.83059052666299,11.851807492024884
False,Lasso,2,1,1,-1,6,7,13.476591360578391,11.624368686868683
