is_val_error,reg,stepSize,lastKDays,kout,kin,time_ix,hy_ix,rmse,mae
False,SVR,2,10,0,-1,9,5,5.225456604805025,4.192178278389567
False,SVR,2,10,0,-1,11,5,11.4946685162758,10.0227290297789
False,SVR,2,10,0,-1,13,5,4.446430555791069,3.9668788525603857
False,SVR,2,10,0,-1,15,5,5.719875232648859,5.259962850071335
False,SVR,2,10,0,-1,17,5,22.623113747150164,21.241515249440422
False,SVR,2,10,0,-1,19,5,24.271186502191032,22.08369182284954
False,SVR,2,10,0,-1,21,5,12.622861620542091,9.323694044719302
