is_val_error,reg,stepSize,lastKDays,kout,kin,time_ix,hy_ix,rmse,mae
False,SVR,2,10,5,-1,9,5,26.01182503546672,25.379165692517898
False,SVR,2,10,5,-1,11,5,12.863850168432261,12.22303922020732
False,SVR,2,10,5,-1,13,5,20.026479955324117,14.96735661288273
False,SVR,2,10,5,-1,15,5,12.481757223789502,10.180050530211423
False,SVR,2,10,5,-1,17,5,54.71909110572939,53.89781089488182
False,SVR,2,10,5,-1,19,5,50.537320005702774,49.822543927442524
