is_val_error,reg,stepSize,lastKDays,kout,kin,time_ix,hy_ix,rmse,mae
False,XGBRFRegressor,2,10,5,-1,9,12,2.9227876507514567,2.442260401260451
False,XGBRFRegressor,2,10,5,-1,11,12,11.891801452748387,9.43236266979273
False,XGBRFRegressor,2,10,5,-1,13,12,15.719141961068098,12.64408281114366
