is_val_error,reg,stepSize,lastKDays,kout,kin,time_ix,hy_ix,rmse,mae
False,Lasso,2,10,2,-1,9,7,16.34016539375619,15.884735119722022
False,Lasso,2,10,2,-1,11,7,20.216646722163837,12.562542820894366
