is_val_error,reg,stepSize,lastKDays,kout,kin,time_ix,hy_ix,rmse,mae
False,XGBRegressor,2,10,3,-1,9,12,5.414941722220324,4.366957982381185
False,XGBRegressor,2,10,3,-1,11,12,10.07966664613597,8.837884972312233
False,XGBRegressor,2,10,3,-1,13,12,10.416023908195086,7.211357625325529
False,XGBRegressor,2,10,3,-1,15,12,10.434504202709759,8.360822324399594
False,XGBRegressor,2,10,3,-1,17,12,9.755278977631907,9.081778282128667
False,XGBRegressor,2,10,3,-1,19,12,10.435097375328553,9.089916229248056
False,XGBRegressor,2,10,3,-1,21,12,6.026606249360068,5.086998409695099
False,XGBRegressor,2,10,3,-1,23,12,5.872472323685094,4.5374423133002395
False,XGBRegressor,2,10,3,-1,25,12,6.064146478674011,5.029089185926652
