is_val_error,reg,stepSize,lastKDays,kout,kin,time_ix,hy_ix,rmse,mae
False,Lasso,2,1,0,-1,0,7,14.218887614882457,13.358433725814807
False,Lasso,2,1,0,-1,2,7,19.155609589408147,12.988119387740985
False,Lasso,2,1,0,-1,4,7,5.229218282577667,4.250179811392051
False,Lasso,2,1,0,-1,6,7,11.839138988058593,9.173665843542288
False,Lasso,2,1,0,-1,8,7,4.41230925075731,4.112337614662411
False,Lasso,2,1,0,-1,10,7,6.292852443096331,5.818932672714716
False,Lasso,2,1,0,-1,12,7,2.305735407028679,1.9214362604305937
False,Lasso,2,1,0,-1,14,7,6.842528562856643,6.34657942588424
