is_val_error,reg,stepSize,lastKDays,kout,kin,time_ix,hy_ix,rmse,mae
False,Lasso,2,20,5,-1,19,7,37.82442840046391,36.76826235881568
False,Lasso,2,20,5,-1,21,7,21.714557499062206,19.602041562873378
False,Lasso,2,20,5,-1,23,7,22.457108650569204,20.68328539900928
False,Lasso,2,20,5,-1,25,7,50.227859801148526,49.66822332266054
