is_val_error,reg,stepSize,lastKDays,kout,kin,time_ix,hy_ix,rmse,mae
False,Lasso,2,10,0,-1,9,7,5.5438391854551226,4.2282287436745065
False,Lasso,2,10,0,-1,11,7,11.129432548703173,9.587654410338674
False,Lasso,2,10,0,-1,13,7,4.782544277488086,4.10010501815207
False,Lasso,2,10,0,-1,15,7,4.0382357715082975,3.627686859842285
