is_val_error,reg,stepSize,lastKDays,kout,kin,time_ix,hy_ix,rmse,mae
False,KNeighborsRegressor,2,10,3,-1,9,9,5.487264943942477,3.9270997177535403
False,KNeighborsRegressor,2,10,3,-1,11,9,11.287350918242447,10.157533958193229
False,KNeighborsRegressor,2,10,3,-1,13,9,9.034412801456876,7.267162397805953
False,KNeighborsRegressor,2,10,3,-1,15,9,6.080763166571896,5.065842933190466
False,KNeighborsRegressor,2,10,3,-1,17,9,11.099144049752102,8.413448631835047
False,KNeighborsRegressor,2,10,3,-1,19,9,10.241938740515195,8.394128809848224
False,KNeighborsRegressor,2,10,3,-1,21,9,9.493753844209442,7.221012661784532
