is_val_error,reg,stepSize,lastKDays,kout,kin,time_ix,hy_ix,rmse,mae
False,Lasso,2,10,4,-1,9,7,17.438616828937114,17.026224185813067
False,Lasso,2,10,4,-1,11,7,9.159423695759939,8.146799571344078
False,Lasso,2,10,4,-1,13,7,23.449601888600824,21.950010594643945
False,Lasso,2,10,4,-1,15,7,18.44405058411095,16.29953930567517
False,Lasso,2,10,4,-1,17,7,25.26924212493975,24.42104550601123
False,Lasso,2,10,4,-1,19,7,12.33488189692207,11.787117570780053
False,Lasso,2,10,4,-1,21,7,42.076026451034195,41.40018330202306
