is_val_error,reg,stepSize,lastKDays,kout,kin,time_ix,hy_ix,rmse,mae
False,SVR,2,10,2,-1,9,5,23.882172179692915,23.792064473051024
False,SVR,2,10,2,-1,11,5,24.205055076027648,16.437070882198157
False,SVR,2,10,2,-1,13,5,14.695890530616285,12.076251779455651
False,SVR,2,10,2,-1,15,5,5.37915603125383,3.9265638569613115
False,SVR,2,10,2,-1,17,5,43.34694383500432,39.48400084507799
False,SVR,2,10,2,-1,19,5,36.020385640579015,34.762427739830606
False,SVR,2,10,2,-1,21,5,12.782327947431176,8.760051793284196
False,SVR,2,10,2,-1,23,5,18.73085904204922,17.57173333928928
False,SVR,2,10,2,-1,25,5,50.39418154658271,48.85612060047183
