is_val_error,reg,stepSize,lastKDays,kout,kin,time_ix,hy_ix,rmse,mae
False,Lasso,2,20,2,-1,19,7,27.791966077655243,26.35842441568617
False,Lasso,2,20,2,-1,21,7,22.18603582437774,20.70459618223583
False,Lasso,2,20,2,-1,23,7,28.562067367102028,26.293902314440373
False,Lasso,2,20,2,-1,25,7,44.91254098959553,43.67816497538336
