is_val_error,reg,stepSize,lastKDays,kout,kin,time_ix,hy_ix,rmse,mae
False,KNeighborsRegressor,2,10,3,-1,9,9,24.589507179322258,22.2830249082856
False,KNeighborsRegressor,2,10,3,-1,11,9,10.31395160216502,8.584931836010046
False,KNeighborsRegressor,2,10,3,-1,13,9,19.78751696686218,17.17436343548537
False,KNeighborsRegressor,2,10,3,-1,15,9,15.781960668014184,13.77114602262571
False,KNeighborsRegressor,2,10,3,-1,17,9,47.734878392000525,47.12201301658602
False,KNeighborsRegressor,2,10,3,-1,19,9,34.88876963806687,33.84510759801474
False,KNeighborsRegressor,2,10,3,-1,21,9,16.8820944098834,15.91852265837529
False,KNeighborsRegressor,2,10,3,-1,23,9,22.394903025102376,21.28456709803112
False,KNeighborsRegressor,2,10,3,-1,25,9,43.45995181023008,43.28205809072998
