is_val_error,reg,stepSize,lastKDays,kout,kin,time_ix,hy_ix,rmse,mae
False,XGBRegressor,2,10,0,-1,9,12,2.3535921351343596,1.975264549255371
False,XGBRegressor,2,10,0,-1,11,12,14.735297911094403,13.690945296259654
