is_val_error,reg,stepSize,lastKDays,kout,kin,time_ix,hy_ix,rmse,mae
False,XGBRegressor,2,10,0,-1,9,12,2.3535921351343596,1.975264549255371
False,XGBRegressor,2,10,0,-1,11,12,14.735297911094403,13.690945296259654
False,XGBRegressor,2,10,0,-1,13,12,4.5696038767224305,3.767163363237767
False,XGBRegressor,2,10,0,-1,15,12,3.4419487899173946,2.6234872606065545
