is_val_error,reg,stepSize,lastKDays,kout,kin,time_ix,hy_ix,rmse,mae
False,GPR,2,20,3,-1,19,-1,10.52973878091489,8.098803750168285
False,GPR,2,20,3,-1,21,-1,8.131067589512675,6.9097273565167185
False,GPR,2,20,3,-1,23,-1,7.525491566806229,7.084674690434003
