is_val_error,reg,stepSize,lastKDays,kout,kin,time_ix,hy_ix,rmse,mae
False,XGBRegressor,2,20,1,-1,19,12,14.041864674941909,8.512956291738185
False,XGBRegressor,2,20,1,-1,21,12,41.29763798559672,23.740100267198347
False,XGBRegressor,2,20,1,-1,23,12,7.496844314883713,6.4061536153157475
False,XGBRegressor,2,20,1,-1,25,12,11.170768664865204,8.370568256101743
False,XGBRegressor,2,20,1,-1,27,12,8.0407590956411,5.916285682058471
