is_val_error,reg,stepSize,lastKDays,kout,kin,time_ix,hy_ix,rmse,mae
False,KNeighborsRegressor,2,20,0,-1,19,9,20.17515874525392,17.065244145950352
False,KNeighborsRegressor,2,20,0,-1,21,9,27.598723199425596,25.754447767257147
False,KNeighborsRegressor,2,20,0,-1,23,9,3.463174838708882,2.6013010407420034
False,KNeighborsRegressor,2,20,0,-1,25,9,9.228371540886945,7.110779093512121
False,KNeighborsRegressor,2,20,0,-1,27,9,11.968965225930283,9.098458407989442
