is_val_error,reg,stepSize,lastKDays,kout,kin,time_ix,hy_ix,rmse,mae
False,Lasso,2,10,0,-1,9,7,14.987164655734736,14.275058419673973
False,Lasso,2,10,0,-1,11,7,13.253048007741848,12.422525901313
False,Lasso,2,10,0,-1,13,7,17.66202115683925,16.426476046146206
False,Lasso,2,10,0,-1,15,7,10.2403501032286,9.605801447570023
