is_val_error,reg,stepSize,lastKDays,kout,kin,time_ix,hy_ix,rmse,mae
False,XGBRegressor,2,20,0,-1,19,12,7.8657513398430865,6.693190256754558
False,XGBRegressor,2,20,0,-1,21,12,11.101926967058274,5.890929539998375
False,XGBRegressor,2,20,0,-1,23,12,4.422155685658243,4.041652294120404
False,XGBRegressor,2,20,0,-1,25,12,7.477946459982034,7.188568263583714
